name, age, email
vijay, 15, be1newinner@gmail.com
vijay, 15, be1newinner@gmail.com
vijay, 15, be1newinner@gmail.com
vijay, 15, be1newinner@gmail.com
vijay, 15, be1newinner@gmail.com
vijay, 15, be1newinner@gmail.com
vijay, 15, be1newinner@gmail.com
vijay, 15, be1newinner@gmail.com
vijay, 15, be1newinner@gmail.com
vijay, 15, be1newinner@gmail.com
vijay, 15, be1newinner@gmail.com
vijay, 15, be1newinner@gmail.com
vijay, 15, be1newinner@gmail.com
vijay, 15, be1newinner@gmail.com
vijay, 15, be1newinner@gmail.com
vijay, 15, be1newinner@gmail.com
vijay, 15, be1newinner@gmail.com
vijay, 15, be1newinner@gmail.com
vijay, 15, be1newinner@gmail.com
vijay, 15, be1newinner@gmail.com
vijay, 15, be1newinner@gmail.com
vijay, 15, be1newinner@gmail.com
vijay, 15, be1newinner@gmail.com
vijay, 15, be1newinner@gmail.com
vijay, 15, be1newinner@gmail.com
vijay, 15, be1newinner@gmail.com
vijay, 15, be1newinner@gmail.com
vijay, 15, be1newinner@gmail.com
vijay, 15, be1newinner@gmail.com
vijay, 15, be1newinner@gmail.com
vijay, 15, be1newinner@gmail.com
vijay, 15, be1newinner@gmail.com
vijay, 15, be1newinner@gmail.com
vijay, 15, be1newinner@gmail.com
vijay, 15, be1newinner@gmail.com
vijay, 15, be1newinner@gmail.com
vijay, 15, be1newinner@gmail.com
vijay, 15, be1newinner@gmail.com
vijay, 15, be1newinner@gmail.com
vijay, 15, be1newinner@gmail.com
vijay, 15, be1newinner@gmail.com
vijay, 15, be1newinner@gmail.com
vijay, 15, be1newinner@gmail.com
vijay, 15, be1newinner@gmail.com
vijay, 15, be1newinner@gmail.com
vijay, 15, be1newinner@gmail.com
vijay, 15, be1newinner@gmail.com
vijay, 15, be1newinner@gmail.com
vijay, 15, be1newinner@gmail.com
vijay, 15, be1newinner@gmail.com
vijay, 15, be1newinner@gmail.com
vijay, 15, be1newinner@gmail.com
vijay, 15, be1newinner@gmail.com
vijay, 15, be1newinner@gmail.com
vijay, 15, be1newinner@gmail.com
vijay, 15, be1newinner@gmail.com
vijay, 15, be1newinner@gmail.com
vijay, 15, be1newinner@gmail.com
vijay, 15, be1newinner@gmail.com
vijay, 15, be1newinner@gmail.com
vijay, 15, be1newinner@gmail.com
vijay, 15, be1newinner@gmail.com
vijay, 15, be1newinner@gmail.com
vijay, 15, be1newinner@gmail.com
vijay, 15, be1newinner@gmail.com
vijay, 15, be1newinner@gmail.com
vijay, 15, be1newinner@gmail.com
vijay, 15, be1newinner@gmail.com
vijay, 15, be1newinner@gmail.com
vijay, 15, be1newinner@gmail.com
vijay, 15, be1newinner@gmail.com
vijay, 15, be1newinner@gmail.com
vijay, 15, be1newinner@gmail.com
vijay, 15, be1newinner@gmail.com
vijay, 15, be1newinner@gmail.com
vijay, 15, be1newinner@gmail.com
vijay, 15, be1newinner@gmail.com
vijay, 15, be1newinner@gmail.com
vijay, 15, be1newinner@gmail.com
vijay, 15, be1newinner@gmail.com
vijay, 15, be1newinner@gmail.com
vijay, 15, be1newinner@gmail.com
vijay, 15, be1newinner@gmail.com
vijay, 15, be1newinner@gmail.com
vijay, 15, be1newinner@gmail.com
vijay, 15, be1newinner@gmail.com
vijay, 15, be1newinner@gmail.com
vijay, 15, be1newinner@gmail.com
vijay, 15, be1newinner@gmail.com
vijay, 15, be1newinner@gmail.com
vijay, 15, be1newinner@gmail.com
vijay, 15, be1newinner@gmail.com
vijay, 15, be1newinner@gmail.com
vijay, 15, be1newinner@gmail.com
vijay, 15, be1newinner@gmail.com
vijay, 15, be1newinner@gmail.com
vijay, 15, be1newinner@gmail.com
vijay, 15, be1newinner@gmail.com
vijay, 15, be1newinner@gmail.com
vijay, 15, be1newinner@gmail.com
vijay, 15, be1newinner@gmail.com
vijay, 15, be1newinner@gmail.com
vijay, 15, be1newinner@gmail.com
vijay, 15, be1newinner@gmail.com
vijay, 15, be1newinner@gmail.com
vijay, 15, be1newinner@gmail.com
vijay, 15, be1newinner@gmail.com
vijay, 15, be1newinner@gmail.com
vijay, 15, be1newinner@gmail.com
vijay, 15, be1newinner@gmail.com
vijay, 15, be1newinner@gmail.com
vijay, 15, be1newinner@gmail.com
vijay, 15, be1newinner@gmail.com
vijay, 15, be1newinner@gmail.com
vijay, 15, be1newinner@gmail.com
vijay, 15, be1newinner@gmail.com
vijay, 15, be1newinner@gmail.com
vijay, 15, be1newinner@gmail.com
vijay, 15, be1newinner@gmail.com
vijay, 15, be1newinner@gmail.com
vijay, 15, be1newinner@gmail.com
vijay, 15, be1newinner@gmail.com
vijay, 15, be1newinner@gmail.com
vijay, 15, be1newinner@gmail.com
vijay, 15, be1newinner@gmail.com
vijay, 15, be1newinner@gmail.com
vijay, 15, be1newinner@gmail.com
vijay, 15, be1newinner@gmail.com
vijay, 15, be1newinner@gmail.com
vijay, 15, be1newinner@gmail.com
vijay, 15, be1newinner@gmail.com
vijay, 15, be1newinner@gmail.com
vijay, 15, be1newinner@gmail.com
vijay, 15, be1newinner@gmail.com
vijay, 15, be1newinner@gmail.com
vijay, 15, be1newinner@gmail.com
vijay, 15, be1newinner@gmail.com
vijay, 15, be1newinner@gmail.com
vijay, 15, be1newinner@gmail.com
vijay, 15, be1newinner@gmail.com
vijay, 15, be1newinner@gmail.com
vijay, 15, be1newinner@gmail.com
vijay, 15, be1newinner@gmail.com
vijay, 15, be1newinner@gmail.com
vijay, 15, be1newinner@gmail.com
vijay, 15, be1newinner@gmail.com
vijay, 15, be1newinner@gmail.com
vijay, 15, be1newinner@gmail.com
vijay, 15, be1newinner@gmail.com
vijay, 15, be1newinner@gmail.com
vijay, 15, be1newinner@gmail.com
vijay, 15, be1newinner@gmail.com
vijay, 15, be1newinner@gmail.com
vijay, 15, be1newinner@gmail.com
vijay, 15, be1newinner@gmail.com
vijay, 15, be1newinner@gmail.com
vijay, 15, be1newinner@gmail.com
vijay, 15, be1newinner@gmail.com
vijay, 15, be1newinner@gmail.com
vijay, 15, be1newinner@gmail.com
vijay, 15, be1newinner@gmail.com
vijay, 15, be1newinner@gmail.com
vijay, 15, be1newinner@gmail.com
vijay, 15, be1newinner@gmail.com
vijay, 15, be1newinner@gmail.com
vijay, 15, be1newinner@gmail.com
vijay, 15, be1newinner@gmail.com
vijay, 15, be1newinner@gmail.com
vijay, 15, be1newinner@gmail.com
vijay, 15, be1newinner@gmail.com
vijay, 15, be1newinner@gmail.com
vijay, 15, be1newinner@gmail.com
vijay, 15, be1newinner@gmail.com
vijay, 15, be1newinner@gmail.com
vijay, 15, be1newinner@gmail.com
vijay, 15, be1newinner@gmail.com
vijay, 15, be1newinner@gmail.com
vijay, 15, be1newinner@gmail.com
vijay, 15, be1newinner@gmail.com
vijay, 15, be1newinner@gmail.com
vijay, 15, be1newinner@gmail.com
vijay, 15, be1newinner@gmail.com
vijay, 15, be1newinner@gmail.com
vijay, 15, be1newinner@gmail.com
vijay, 15, be1newinner@gmail.com
vijay, 15, be1newinner@gmail.com
vijay, 15, be1newinner@gmail.com
vijay, 15, be1newinner@gmail.com
vijay, 15, be1newinner@gmail.com
vijay, 15, be1newinner@gmail.com
vijay, 15, be1newinner@gmail.com
vijay, 15, be1newinner@gmail.com
vijay, 15, be1newinner@gmail.com
vijay, 15, be1newinner@gmail.com
vijay, 15, be1newinner@gmail.com
vijay, 15, be1newinner@gmail.com
vijay, 15, be1newinner@gmail.com
vijay, 15, be1newinner@gmail.com
vijay, 15, be1newinner@gmail.com
vijay, 15, be1newinner@gmail.com
vijay, 15, be1newinner@gmail.com
vijay, 15, be1newinner@gmail.com
vijay, 15, be1newinner@gmail.com
vijay, 15, be1newinner@gmail.com
vijay, 15, be1newinner@gmail.com
vijay, 15, be1newinner@gmail.com
vijay, 15, be1newinner@gmail.com
vijay, 15, be1newinner@gmail.com
vijay, 15, be1newinner@gmail.com
vijay, 15, be1newinner@gmail.com
vijay, 15, be1newinner@gmail.com
vijay, 15, be1newinner@gmail.com
vijay, 15, be1newinner@gmail.com
vijay, 15, be1newinner@gmail.com
vijay, 15, be1newinner@gmail.com
vijay, 15, be1newinner@gmail.com
vijay, 15, be1newinner@gmail.com
vijay, 15, be1newinner@gmail.com
vijay, 15, be1newinner@gmail.com
vijay, 15, be1newinner@gmail.com
vijay, 15, be1newinner@gmail.com
vijay, 15, be1newinner@gmail.com
vijay, 15, be1newinner@gmail.com
vijay, 15, be1newinner@gmail.com
vijay, 15, be1newinner@gmail.com
vijay, 15, be1newinner@gmail.com
vijay, 15, be1newinner@gmail.com
vijay, 15, be1newinner@gmail.com
vijay, 15, be1newinner@gmail.com
vijay, 15, be1newinner@gmail.com
vijay, 15, be1newinner@gmail.com
vijay, 15, be1newinner@gmail.com
vijay, 15, be1newinner@gmail.com
vijay, 15, be1newinner@gmail.com
vijay, 15, be1newinner@gmail.com
vijay, 15, be1newinner@gmail.com
vijay, 15, be1newinner@gmail.com
vijay, 15, be1newinner@gmail.com
vijay, 15, be1newinner@gmail.com
vijay, 15, be1newinner@gmail.com
vijay, 15, be1newinner@gmail.com
vijay, 15, be1newinner@gmail.com
vijay, 15, be1newinner@gmail.com
vijay, 15, be1newinner@gmail.com
vijay, 15, be1newinner@gmail.com
vijay, 15, be1newinner@gmail.com
vijay, 15, be1newinner@gmail.com
vijay, 15, be1newinner@gmail.com
vijay, 15, be1newinner@gmail.com
vijay, 15, be1newinner@gmail.com
vijay, 15, be1newinner@gmail.com
vijay, 15, be1newinner@gmail.com
vijay, 15, be1newinner@gmail.com
vijay, 15, be1newinner@gmail.com
vijay, 15, be1newinner@gmail.com
vijay, 15, be1newinner@gmail.com
vijay, 15, be1newinner@gmail.com
vijay, 15, be1newinner@gmail.com
vijay, 15, be1newinner@gmail.com
vijay, 15, be1newinner@gmail.com
vijay, 15, be1newinner@gmail.com
vijay, 15, be1newinner@gmail.com
vijay, 15, be1newinner@gmail.com
vijay, 15, be1newinner@gmail.com
vijay, 15, be1newinner@gmail.com
vijay, 15, be1newinner@gmail.com
vijay, 15, be1newinner@gmail.com
vijay, 15, be1newinner@gmail.com
vijay, 15, be1newinner@gmail.com
vijay, 15, be1newinner@gmail.com
vijay, 15, be1newinner@gmail.com
vijay, 15, be1newinner@gmail.com
vijay, 15, be1newinner@gmail.com
vijay, 15, be1newinner@gmail.com
vijay, 15, be1newinner@gmail.com
vijay, 15, be1newinner@gmail.com
vijay, 15, be1newinner@gmail.com
vijay, 15, be1newinner@gmail.com
vijay, 15, be1newinner@gmail.com
vijay, 15, be1newinner@gmail.com
vijay, 15, be1newinner@gmail.com
vijay, 15, be1newinner@gmail.com
vijay, 15, be1newinner@gmail.com
vijay, 15, be1newinner@gmail.com
vijay, 15, be1newinner@gmail.com
vijay, 15, be1newinner@gmail.com
vijay, 15, be1newinner@gmail.com
vijay, 15, be1newinner@gmail.com
vijay, 15, be1newinner@gmail.com
vijay, 15, be1newinner@gmail.com
vijay, 15, be1newinner@gmail.com
vijay, 15, be1newinner@gmail.com
vijay, 15, be1newinner@gmail.com
vijay, 15, be1newinner@gmail.com
vijay, 15, be1newinner@gmail.com
vijay, 15, be1newinner@gmail.com
vijay, 15, be1newinner@gmail.com
vijay, 15, be1newinner@gmail.com
vijay, 15, be1newinner@gmail.com
vijay, 15, be1newinner@gmail.com
vijay, 15, be1newinner@gmail.com
vijay, 15, be1newinner@gmail.com
vijay, 15, be1newinner@gmail.com
vijay, 15, be1newinner@gmail.com
vijay, 15, be1newinner@gmail.com
vijay, 15, be1newinner@gmail.com
vijay, 15, be1newinner@gmail.com
vijay, 15, be1newinner@gmail.com
vijay, 15, be1newinner@gmail.com
vijay, 15, be1newinner@gmail.com
vijay, 15, be1newinner@gmail.com
vijay, 15, be1newinner@gmail.com
vijay, 15, be1newinner@gmail.com
vijay, 15, be1newinner@gmail.com
vijay, 15, be1newinner@gmail.com
vijay, 15, be1newinner@gmail.com
vijay, 15, be1newinner@gmail.com
vijay, 15, be1newinner@gmail.com
vijay, 15, be1newinner@gmail.com
vijay, 15, be1newinner@gmail.com
vijay, 15, be1newinner@gmail.com
vijay, 15, be1newinner@gmail.com
vijay, 15, be1newinner@gmail.com
vijay, 15, be1newinner@gmail.com
vijay, 15, be1newinner@gmail.com
vijay, 15, be1newinner@gmail.com
vijay, 15, be1newinner@gmail.com
vijay, 15, be1newinner@gmail.com
vijay, 15, be1newinner@gmail.com
vijay, 15, be1newinner@gmail.com
vijay, 15, be1newinner@gmail.com
vijay, 15, be1newinner@gmail.com
vijay, 15, be1newinner@gmail.com
vijay, 15, be1newinner@gmail.com
vijay, 15, be1newinner@gmail.com
vijay, 15, be1newinner@gmail.com
vijay, 15, be1newinner@gmail.com
vijay, 15, be1newinner@gmail.com
vijay, 15, be1newinner@gmail.com
vijay, 15, be1newinner@gmail.com
vijay, 15, be1newinner@gmail.com
vijay, 15, be1newinner@gmail.com
vijay, 15, be1newinner@gmail.com
vijay, 15, be1newinner@gmail.com
vijay, 15, be1newinner@gmail.com
vijay, 15, be1newinner@gmail.com
vijay, 15, be1newinner@gmail.com
vijay, 15, be1newinner@gmail.com
vijay, 15, be1newinner@gmail.com
vijay, 15, be1newinner@gmail.com
vijay, 15, be1newinner@gmail.com
vijay, 15, be1newinner@gmail.com
vijay, 15, be1newinner@gmail.com
vijay, 15, be1newinner@gmail.com
vijay, 15, be1newinner@gmail.com
vijay, 15, be1newinner@gmail.com
vijay, 15, be1newinner@gmail.com
vijay, 15, be1newinner@gmail.com
vijay, 15, be1newinner@gmail.com
vijay, 15, be1newinner@gmail.com
vijay, 15, be1newinner@gmail.com
vijay, 15, be1newinner@gmail.com
vijay, 15, be1newinner@gmail.com
vijay, 15, be1newinner@gmail.com
vijay, 15, be1newinner@gmail.com
vijay, 15, be1newinner@gmail.com
vijay, 15, be1newinner@gmail.com
vijay, 15, be1newinner@gmail.com
vijay, 15, be1newinner@gmail.com
vijay, 15, be1newinner@gmail.com
vijay, 15, be1newinner@gmail.com
vijay, 15, be1newinner@gmail.com
vijay, 15, be1newinner@gmail.com
vijay, 15, be1newinner@gmail.com
vijay, 15, be1newinner@gmail.com
vijay, 15, be1newinner@gmail.com
vijay, 15, be1newinner@gmail.com
vijay, 15, be1newinner@gmail.com
vijay, 15, be1newinner@gmail.com
vijay, 15, be1newinner@gmail.com
vijay, 15, be1newinner@gmail.com
vijay, 15, be1newinner@gmail.com
vijay, 15, be1newinner@gmail.com
vijay, 15, be1newinner@gmail.com
vijay, 15, be1newinner@gmail.com
vijay, 15, be1newinner@gmail.com
vijay, 15, be1newinner@gmail.com
vijay, 15, be1newinner@gmail.com
vijay, 15, be1newinner@gmail.com
vijay, 15, be1newinner@gmail.com
vijay, 15, be1newinner@gmail.com
vijay, 15, be1newinner@gmail.com
vijay, 15, be1newinner@gmail.com
vijay, 15, be1newinner@gmail.com
vijay, 15, be1newinner@gmail.com
vijay, 15, be1newinner@gmail.com